<?xml version="1.0"?>
<pagescount>
	<html_total>34</html_total>
	<html_done>9</html_done>
	<images>33</images>
	<script>44</script>
	<css>24</css>
	<pdf/>
	<documents/>
	<excel/>
	<powerpoint/>
	<flash/>
	<audios/>
	<videos/>
	<xml/>
	<json/>
	<txt/>
	<autocad/>
	<fonts>28</fonts>
	<scraping_reload>1</scraping_reload>
	<is_pretty_url>false</is_pretty_url>
	<is_ebn>false</is_ebn>
	<email>vishpt27@gmail.com</email>
	<theme_name>WmdTheme595634</theme_name>
	<server_url_front_page>https://www6.waybackmachinedownloader.com/wdo/files/demo/sapnabullion.com_vishpt27_gmail.com_apmq36u7bd/</server_url_front_page>
	<no_www_url>sapnabullion.com</no_www_url>
	<hosted_domain/>
	<original_archive_url>http://sapnabullion.com/liverates.html</original_archive_url>
	<final_archive_url>http://sapnabullion.com/liverates.html</final_archive_url>
	<front_page_code_date/>
	<total_urls_from_api/>
	<max_reached_live>false</max_reached_live>
	<scrape_other_captures>false</scrape_other_captures>
	<total_size>9072</total_size>
</pagescount>
